size,accuracy,fscore
100,0.62,0.702946833822
250,0.626666666667,0.423395652835
500,0.589333333333,0.612810608541
750,0.654222222222,0.623369447352
1000,0.679333333333,0.697691072341
2500,0.698933333333,0.654303132715
5000,0.7156,0.717733049475
7500,0.741777777778,0.721780797677
10000,0.736,0.729210634782
15000,0.732133333333,0.720727625462
20000,0.7447,0.733566517237
25000,0.742106666667,0.732521903053
