size,accuracy,fscore
100,0.633333333333,0.665113595569
250,0.648,0.537615188306
500,0.604,0.576803861523
750,0.680888888889,0.659371156403
1000,0.675333333333,0.686676799286
2500,0.695733333333,0.653413685051
5000,0.712533333333,0.6977114359
7500,0.729777777778,0.711474283812
10000,0.7326,0.719313502362
15000,0.737066666667,0.720345578786
20000,0.740066666667,0.722835587909
25000,0.737093333333,0.721534363238
